/home/pi/Desktop/data/DataCollected/IMG1/Image_1716282861918437.jpg,0.0
/home/pi/Desktop/data/DataCollected/IMG1/Image_1716282862425957.jpg,0.0
/home/pi/Desktop/data/DataCollected/IMG1/Image_1716282862468573.jpg,0.0
/home/pi/Desktop/data/DataCollected/IMG1/Image_1716282862505966.jpg,0.0
/home/pi/Desktop/data/DataCollected/IMG1/Image_1716282862558701.jpg,0.0
/home/pi/Desktop/data/DataCollected/IMG1/Image_1716282862626859.jpg,0.0
/home/pi/Desktop/data/DataCollected/IMG1/Image_1716282862685205.jpg,0.0
/home/pi/Desktop/data/DataCollected/IMG1/Image_1716282862748879.jpg,0.0
/home/pi/Desktop/data/DataCollected/IMG1/Image_1716282862811034.jpg,0.0
/home/pi/Desktop/data/DataCollected/IMG1/Image_1716282862874712.jpg,0.0
/home/pi/Desktop/data/DataCollected/IMG1/Image_1716282862933725.jpg,0.0
/home/pi/Desktop/data/DataCollected/IMG1/Image_1716282862997497.jpg,0.0
/home/pi/Desktop/data/DataCollected/IMG1/Image_1716282863061751.jpg,0.0
/home/pi/Desktop/data/DataCollected/IMG1/Image_1716282863124517.jpg,0.0
/home/pi/Desktop/data/DataCollected/IMG1/Image_1716282863186923.jpg,0.0
/home/pi/Desktop/data/DataCollected/IMG1/Image_1716282863251103.jpg,0.0
/home/pi/Desktop/data/DataCollected/IMG1/Image_1716282863318176.jpg,0.0
/home/pi/Desktop/data/DataCollected/IMG1/Image_1716282863376956.jpg,0.0
/home/pi/Desktop/data/DataCollected/IMG1/Image_1716282863440754.jpg,0.0
/home/pi/Desktop/data/DataCollected/IMG1/Image_1716282863503207.jpg,0.0
/home/pi/Desktop/data/DataCollected/IMG1/Image_1716282863564384.jpg,0.0
/home/pi/Desktop/data/DataCollected/IMG1/Image_1716282863628209.jpg,0.0
/home/pi/Desktop/data/DataCollected/IMG1/Image_1716282863690729.jpg,0.0
/home/pi/Desktop/data/DataCollected/IMG1/Image_1716282863752892.jpg,0.0
/home/pi/Desktop/data/DataCollected/IMG1/Image_1716282863816166.jpg,0.0
/home/pi/Desktop/data/DataCollected/IMG1/Image_1716282863879811.jpg,0.0
/home/pi/Desktop/data/DataCollected/IMG1/Image_1716282863941876.jpg,-0.33
/home/pi/Desktop/data/DataCollected/IMG1/Image_1716282864005954.jpg,-0.57
/home/pi/Desktop/data/DataCollected/IMG1/Image_1716282864067685.jpg,-0.58
/home/pi/Desktop/data/DataCollected/IMG1/Image_1716282864130968.jpg,-0.61
/home/pi/Desktop/data/DataCollected/IMG1/Image_1716282864194004.jpg,-0.61
/home/pi/Desktop/data/DataCollected/IMG1/Image_1716282864256634.jpg,-0.69
/home/pi/Desktop/data/DataCollected/IMG1/Image_1716282864320816.jpg,-1.0
/home/pi/Desktop/data/DataCollected/IMG1/Image_1716282864380389.jpg,-1.0
/home/pi/Desktop/data/DataCollected/IMG1/Image_1716282864446043.jpg,-1.0
/home/pi/Desktop/data/DataCollected/IMG1/Image_171628286450895.jpg,-1.0
/home/pi/Desktop/data/DataCollected/IMG1/Image_171628286457482.jpg,-1.0
/home/pi/Desktop/data/DataCollected/IMG1/Image_1716282864634231.jpg,-0.3
/home/pi/Desktop/data/DataCollected/IMG1/Image_1716282864698088.jpg,0.0
/home/pi/Desktop/data/DataCollected/IMG1/Image_1716282864759973.jpg,0.0
/home/pi/Desktop/data/DataCollected/IMG1/Image_1716282864823385.jpg,0.0
/home/pi/Desktop/data/DataCollected/IMG1/Image_1716282864886651.jpg,0.0
/home/pi/Desktop/data/DataCollected/IMG1/Image_1716282864950076.jpg,0.84
/home/pi/Desktop/data/DataCollected/IMG1/Image_171628286501396.jpg,1.0
/home/pi/Desktop/data/DataCollected/IMG1/Image_1716282865076328.jpg,1.0
/home/pi/Desktop/data/DataCollected/IMG1/Image_1716282865139536.jpg,1.0
/home/pi/Desktop/data/DataCollected/IMG1/Image_1716282865203461.jpg,1.0
/home/pi/Desktop/data/DataCollected/IMG1/Image_1716282865266387.jpg,1.0
/home/pi/Desktop/data/DataCollected/IMG1/Image_1716282865328246.jpg,1.0
/home/pi/Desktop/data/DataCollected/IMG1/Image_171628286539214.jpg,1.0
/home/pi/Desktop/data/DataCollected/IMG1/Image_1716282865453261.jpg,1.0
/home/pi/Desktop/data/DataCollected/IMG1/Image_1716282865515914.jpg,0.0
/home/pi/Desktop/data/DataCollected/IMG1/Image_1716282865580189.jpg,0.0
/home/pi/Desktop/data/DataCollected/IMG1/Image_1716282865642884.jpg,0.0
/home/pi/Desktop/data/DataCollected/IMG1/Image_171628286570583.jpg,0.0
/home/pi/Desktop/data/DataCollected/IMG1/Image_171628286576799.jpg,0.0
/home/pi/Desktop/data/DataCollected/IMG1/Image_1716282865831864.jpg,0.0
/home/pi/Desktop/data/DataCollected/IMG1/Image_171628286589484.jpg,0.0
/home/pi/Desktop/data/DataCollected/IMG1/Image_171628286595707.jpg,0.0
/home/pi/Desktop/data/DataCollected/IMG1/Image_1716282866021837.jpg,0.0
/home/pi/Desktop/data/DataCollected/IMG1/Image_1716282866084602.jpg,0.74
/home/pi/Desktop/data/DataCollected/IMG1/Image_1716282866147108.jpg,1.0
/home/pi/Desktop/data/DataCollected/IMG1/Image_1716282866210005.jpg,1.0
/home/pi/Desktop/data/DataCollected/IMG1/Image_1716282866271994.jpg,1.0
/home/pi/Desktop/data/DataCollected/IMG1/Image_1716282866334153.jpg,1.0
/home/pi/Desktop/data/DataCollected/IMG1/Image_171628286639702.jpg,1.0
/home/pi/Desktop/data/DataCollected/IMG1/Image_1716282866460501.jpg,1.0
/home/pi/Desktop/data/DataCollected/IMG1/Image_1716282866523561.jpg,1.0
/home/pi/Desktop/data/DataCollected/IMG1/Image_171628286658741.jpg,1.0
/home/pi/Desktop/data/DataCollected/IMG1/Image_1716282866653281.jpg,1.0
/home/pi/Desktop/data/DataCollected/IMG1/Image_1716282866712699.jpg,1.0
/home/pi/Desktop/data/DataCollected/IMG1/Image_1716282866775483.jpg,1.0
/home/pi/Desktop/data/DataCollected/IMG1/Image_1716282866837572.jpg,1.0
/home/pi/Desktop/data/DataCollected/IMG1/Image_1716282866900714.jpg,1.0
/home/pi/Desktop/data/DataCollected/IMG1/Image_1716282866964192.jpg,1.0
/home/pi/Desktop/data/DataCollected/IMG1/Image_1716282867026782.jpg,1.0
/home/pi/Desktop/data/DataCollected/IMG1/Image_1716282867090733.jpg,1.0
/home/pi/Desktop/data/DataCollected/IMG1/Image_1716282867153793.jpg,1.0
/home/pi/Desktop/data/DataCollected/IMG1/Image_1716282867217356.jpg,1.0
/home/pi/Desktop/data/DataCollected/IMG1/Image_1716282867279876.jpg,1.0
/home/pi/Desktop/data/DataCollected/IMG1/Image_1716282867341074.jpg,1.0
/home/pi/Desktop/data/DataCollected/IMG1/Image_1716282867403772.jpg,0.0
/home/pi/Desktop/data/DataCollected/IMG1/Image_1716282867466958.jpg,0.0
/home/pi/Desktop/data/DataCollected/IMG1/Image_1716282867535362.jpg,0.0
/home/pi/Desktop/data/DataCollected/IMG1/Image_1716282867593585.jpg,0.0
/home/pi/Desktop/data/DataCollected/IMG1/Image_1716282867656553.jpg,0.0
/home/pi/Desktop/data/DataCollected/IMG1/Image_1716282867720013.jpg,-0.36
/home/pi/Desktop/data/DataCollected/IMG1/Image_1716282867782015.jpg,-0.89
/home/pi/Desktop/data/DataCollected/IMG1/Image_1716282867845316.jpg,-0.9
/home/pi/Desktop/data/DataCollected/IMG1/Image_1716282867909312.jpg,-1.0
/home/pi/Desktop/data/DataCollected/IMG1/Image_1716282867971274.jpg,-1.0
/home/pi/Desktop/data/DataCollected/IMG1/Image_1716282868034007.jpg,-1.0
/home/pi/Desktop/data/DataCollected/IMG1/Image_1716282868096647.jpg,-1.0
/home/pi/Desktop/data/DataCollected/IMG1/Image_171628286815902.jpg,-1.0
/home/pi/Desktop/data/DataCollected/IMG1/Image_1716282868221462.jpg,-1.0
/home/pi/Desktop/data/DataCollected/IMG1/Image_1716282868285705.jpg,-1.0
/home/pi/Desktop/data/DataCollected/IMG1/Image_17162828683477.jpg,-0.72
/home/pi/Desktop/data/DataCollected/IMG1/Image_1716282868410765.jpg,-0.18
/home/pi/Desktop/data/DataCollected/IMG1/Image_1716282868474403.jpg,0.0
/home/pi/Desktop/data/DataCollected/IMG1/Image_1716282868536899.jpg,-0.49
/home/pi/Desktop/data/DataCollected/IMG1/Image_1716282868599202.jpg,-1.0
/home/pi/Desktop/data/DataCollected/IMG1/Image_171628286866158.jpg,-1.0
/home/pi/Desktop/data/DataCollected/IMG1/Image_1716282868725504.jpg,-1.0
/home/pi/Desktop/data/DataCollected/IMG1/Image_1716282868788924.jpg,0.0
/home/pi/Desktop/data/DataCollected/IMG1/Image_1716282868851235.jpg,-0.12
/home/pi/Desktop/data/DataCollected/IMG1/Image_1716282868913576.jpg,-1.0
/home/pi/Desktop/data/DataCollected/IMG1/Image_1716282868977342.jpg,-1.0
/home/pi/Desktop/data/DataCollected/IMG1/Image_171628286903904.jpg,-1.0
/home/pi/Desktop/data/DataCollected/IMG1/Image_1716282869103418.jpg,-0.98
/home/pi/Desktop/data/DataCollected/IMG1/Image_1716282869167128.jpg,-0.98
/home/pi/Desktop/data/DataCollected/IMG1/Image_171628286922843.jpg,-1.0
/home/pi/Desktop/data/DataCollected/IMG1/Image_1716282869291281.jpg,-1.0
/home/pi/Desktop/data/DataCollected/IMG1/Image_1716282869354972.jpg,-0.97
/home/pi/Desktop/data/DataCollected/IMG1/Image_1716282869418138.jpg,0.0
/home/pi/Desktop/data/DataCollected/IMG1/Image_1716282869480746.jpg,0.0
/home/pi/Desktop/data/DataCollected/IMG1/Image_171628286954338.jpg,-1.0
/home/pi/Desktop/data/DataCollected/IMG1/Image_1716282869606292.jpg,-1.0
/home/pi/Desktop/data/DataCollected/IMG1/Image_1716282869669341.jpg,-1.0
/home/pi/Desktop/data/DataCollected/IMG1/Image_1716282869734616.jpg,0.0
/home/pi/Desktop/data/DataCollected/IMG1/Image_1716282869796405.jpg,0.0
/home/pi/Desktop/data/DataCollected/IMG1/Image_1716282869859276.jpg,0.0
/home/pi/Desktop/data/DataCollected/IMG1/Image_1716282869921015.jpg,-0.59
/home/pi/Desktop/data/DataCollected/IMG1/Image_1716282869983679.jpg,-1.0
/home/pi/Desktop/data/DataCollected/IMG1/Image_1716282870046822.jpg,-1.0
/home/pi/Desktop/data/DataCollected/IMG1/Image_1716282870110212.jpg,0.0
/home/pi/Desktop/data/DataCollected/IMG1/Image_1716282870172461.jpg,0.0
/home/pi/Desktop/data/DataCollected/IMG1/Image_1716282870237865.jpg,-0.9
/home/pi/Desktop/data/DataCollected/IMG1/Image_1716282870301469.jpg,-1.0
/home/pi/Desktop/data/DataCollected/IMG1/Image_1716282870362302.jpg,-1.0
/home/pi/Desktop/data/DataCollected/IMG1/Image_1716282870424983.jpg,-0.52
/home/pi/Desktop/data/DataCollected/IMG1/Image_1716282870488208.jpg,-0.12
/home/pi/Desktop/data/DataCollected/IMG1/Image_1716282870550487.jpg,-0.14
/home/pi/Desktop/data/DataCollected/IMG1/Image_1716282870613697.jpg,-0.57
/home/pi/Desktop/data/DataCollected/IMG1/Image_1716282870676619.jpg,-0.59
/home/pi/Desktop/data/DataCollected/IMG1/Image_1716282870739694.jpg,-1.0
/home/pi/Desktop/data/DataCollected/IMG1/Image_1716282870803909.jpg,-1.0
/home/pi/Desktop/data/DataCollected/IMG1/Image_1716282870865283.jpg,-1.0
/home/pi/Desktop/data/DataCollected/IMG1/Image_1716282870929878.jpg,-1.0
/home/pi/Desktop/data/DataCollected/IMG1/Image_1716282870992325.jpg,-1.0
/home/pi/Desktop/data/DataCollected/IMG1/Image_1716282871055091.jpg,-1.0
/home/pi/Desktop/data/DataCollected/IMG1/Image_1716282871118351.jpg,-1.0
/home/pi/Desktop/data/DataCollected/IMG1/Image_1716282871179835.jpg,-1.0
/home/pi/Desktop/data/DataCollected/IMG1/Image_171628287124301.jpg,-1.0
/home/pi/Desktop/data/DataCollected/IMG1/Image_171628287130693.jpg,-1.0
/home/pi/Desktop/data/DataCollected/IMG1/Image_171628287136859.jpg,-1.0
/home/pi/Desktop/data/DataCollected/IMG1/Image_1716282871433305.jpg,-1.0
/home/pi/Desktop/data/DataCollected/IMG1/Image_1716282871495399.jpg,0.0
/home/pi/Desktop/data/DataCollected/IMG1/Image_1716282871561178.jpg,0.0
/home/pi/Desktop/data/DataCollected/IMG1/Image_1716282871622554.jpg,0.0
/home/pi/Desktop/data/DataCollected/IMG1/Image_1716282871684922.jpg,0.0
/home/pi/Desktop/data/DataCollected/IMG1/Image_1716282871747873.jpg,0.0
/home/pi/Desktop/data/DataCollected/IMG1/Image_1716282871811449.jpg,0.0
/home/pi/Desktop/data/DataCollected/IMG1/Image_1716282871874363.jpg,0.0
/home/pi/Desktop/data/DataCollected/IMG1/Image_1716282871936153.jpg,0.0
/home/pi/Desktop/data/DataCollected/IMG1/Image_1716282871999088.jpg,0.0
/home/pi/Desktop/data/DataCollected/IMG1/Image_1716282872064868.jpg,0.0
/home/pi/Desktop/data/DataCollected/IMG1/Image_1716282872124846.jpg,0.0
/home/pi/Desktop/data/DataCollected/IMG1/Image_1716282872187969.jpg,0.0
/home/pi/Desktop/data/DataCollected/IMG1/Image_1716282872250788.jpg,0.0
/home/pi/Desktop/data/DataCollected/IMG1/Image_1716282872315866.jpg,0.0
/home/pi/Desktop/data/DataCollected/IMG1/Image_1716282872379176.jpg,-0.49
/home/pi/Desktop/data/DataCollected/IMG1/Image_1716282872440683.jpg,-1.0
/home/pi/Desktop/data/DataCollected/IMG1/Image_1716282872503419.jpg,-1.0
/home/pi/Desktop/data/DataCollected/IMG1/Image_171628287256589.jpg,-1.0
/home/pi/Desktop/data/DataCollected/IMG1/Image_1716282872629295.jpg,-1.0
/home/pi/Desktop/data/DataCollected/IMG1/Image_1716282872692536.jpg,-1.0
/home/pi/Desktop/data/DataCollected/IMG1/Image_1716282872754504.jpg,-1.0
/home/pi/Desktop/data/DataCollected/IMG1/Image_171628287281786.jpg,-1.0
/home/pi/Desktop/data/DataCollected/IMG1/Image_1716282872882778.jpg,-1.0
/home/pi/Desktop/data/DataCollected/IMG1/Image_1716282872946087.jpg,-1.0
/home/pi/Desktop/data/DataCollected/IMG1/Image_1716282873008797.jpg,-1.0
/home/pi/Desktop/data/DataCollected/IMG1/Image_17162828730713.jpg,-1.0
/home/pi/Desktop/data/DataCollected/IMG1/Image_1716282873132806.jpg,0.0
/home/pi/Desktop/data/DataCollected/IMG1/Image_1716282873195947.jpg,0.0
/home/pi/Desktop/data/DataCollected/IMG1/Image_1716282873259546.jpg,0.0
/home/pi/Desktop/data/DataCollected/IMG1/Image_1716282873322337.jpg,0.0
/home/pi/Desktop/data/DataCollected/IMG1/Image_1716282873384841.jpg,1.0
/home/pi/Desktop/data/DataCollected/IMG1/Image_1716282873450982.jpg,1.0
/home/pi/Desktop/data/DataCollected/IMG1/Image_1716282873513441.jpg,1.0
/home/pi/Desktop/data/DataCollected/IMG1/Image_1716282873574078.jpg,1.0
/home/pi/Desktop/data/DataCollected/IMG1/Image_1716282873635737.jpg,1.0
/home/pi/Desktop/data/DataCollected/IMG1/Image_1716282873701853.jpg,1.0
/home/pi/Desktop/data/DataCollected/IMG1/Image_1716282873764429.jpg,1.0
/home/pi/Desktop/data/DataCollected/IMG1/Image_1716282873826127.jpg,1.0
/home/pi/Desktop/data/DataCollected/IMG1/Image_1716282873889598.jpg,1.0
/home/pi/Desktop/data/DataCollected/IMG1/Image_17162828739524.jpg,1.0
/home/pi/Desktop/data/DataCollected/IMG1/Image_1716282874014404.jpg,1.0
/home/pi/Desktop/data/DataCollected/IMG1/Image_1716282874079236.jpg,0.0
/home/pi/Desktop/data/DataCollected/IMG1/Image_1716282874142889.jpg,0.0
/home/pi/Desktop/data/DataCollected/IMG1/Image_1716282874204756.jpg,-0.06
/home/pi/Desktop/data/DataCollected/IMG1/Image_1716282874267213.jpg,-1.0
/home/pi/Desktop/data/DataCollected/IMG1/Image_1716282874329681.jpg,-1.0
/home/pi/Desktop/data/DataCollected/IMG1/Image_171628287439258.jpg,-1.0
/home/pi/Desktop/data/DataCollected/IMG1/Image_1716282874456786.jpg,-1.0
/home/pi/Desktop/data/DataCollected/IMG1/Image_1716282874518925.jpg,0.0
/home/pi/Desktop/data/DataCollected/IMG1/Image_1716282874581713.jpg,0.0
/home/pi/Desktop/data/DataCollected/IMG1/Image_1716282874646078.jpg,0.0
/home/pi/Desktop/data/DataCollected/IMG1/Image_1716282874707478.jpg,0.0
/home/pi/Desktop/data/DataCollected/IMG1/Image_1716282874770559.jpg,0.82
/home/pi/Desktop/data/DataCollected/IMG1/Image_1716282874834999.jpg,1.0
/home/pi/Desktop/data/DataCollected/IMG1/Image_1716282874896222.jpg,1.0
/home/pi/Desktop/data/DataCollected/IMG1/Image_1716282874958819.jpg,1.0
/home/pi/Desktop/data/DataCollected/IMG1/Image_1716282875021809.jpg,1.0
/home/pi/Desktop/data/DataCollected/IMG1/Image_1716282875084854.jpg,1.0
/home/pi/Desktop/data/DataCollected/IMG1/Image_171628287514715.jpg,1.0
/home/pi/Desktop/data/DataCollected/IMG1/Image_1716282875210641.jpg,1.0
/home/pi/Desktop/data/DataCollected/IMG1/Image_1716282875272967.jpg,0.68
/home/pi/Desktop/data/DataCollected/IMG1/Image_1716282875335805.jpg,0.0
/home/pi/Desktop/data/DataCollected/IMG1/Image_1716282875399112.jpg,0.0
/home/pi/Desktop/data/DataCollected/IMG1/Image_1716282875462432.jpg,0.0
/home/pi/Desktop/data/DataCollected/IMG1/Image_1716282875524678.jpg,0.0
/home/pi/Desktop/data/DataCollected/IMG1/Image_1716282875591141.jpg,0.0
/home/pi/Desktop/data/DataCollected/IMG1/Image_1716282875654419.jpg,0.0
/home/pi/Desktop/data/DataCollected/IMG1/Image_1716282875715787.jpg,0.0
/home/pi/Desktop/data/DataCollected/IMG1/Image_1716282875777257.jpg,0.0
/home/pi/Desktop/data/DataCollected/IMG1/Image_1716282875840858.jpg,0.0
/home/pi/Desktop/data/DataCollected/IMG1/Image_1716282875906489.jpg,1.0
/home/pi/Desktop/data/DataCollected/IMG1/Image_1716282875966112.jpg,1.0
/home/pi/Desktop/data/DataCollected/IMG1/Image_1716282876030563.jpg,1.0
/home/pi/Desktop/data/DataCollected/IMG1/Image_171628287609244.jpg,1.0
/home/pi/Desktop/data/DataCollected/IMG1/Image_1716282876154155.jpg,0.0
/home/pi/Desktop/data/DataCollected/IMG1/Image_1716282876217054.jpg,0.0
/home/pi/Desktop/data/DataCollected/IMG1/Image_1716282876280248.jpg,0.0
/home/pi/Desktop/data/DataCollected/IMG1/Image_1716282876344217.jpg,0.0
/home/pi/Desktop/data/DataCollected/IMG1/Image_1716282876407513.jpg,-1.0
/home/pi/Desktop/data/DataCollected/IMG1/Image_1716282876468886.jpg,-1.0
/home/pi/Desktop/data/DataCollected/IMG1/Image_1716282876534697.jpg,-1.0
/home/pi/Desktop/data/DataCollected/IMG1/Image_1716282876596852.jpg,0.0
/home/pi/Desktop/data/DataCollected/IMG1/Image_1716282876659309.jpg,0.0
/home/pi/Desktop/data/DataCollected/IMG1/Image_1716282876723173.jpg,0.0
/home/pi/Desktop/data/DataCollected/IMG1/Image_1716282876783935.jpg,0.45
/home/pi/Desktop/data/DataCollected/IMG1/Image_1716282876845724.jpg,1.0
/home/pi/Desktop/data/DataCollected/IMG1/Image_1716282876909374.jpg,1.0
/home/pi/Desktop/data/DataCollected/IMG1/Image_1716282876973106.jpg,1.0
/home/pi/Desktop/data/DataCollected/IMG1/Image_171628287703643.jpg,1.0
/home/pi/Desktop/data/DataCollected/IMG1/Image_171628287710008.jpg,1.0
/home/pi/Desktop/data/DataCollected/IMG1/Image_1716282877162793.jpg,0.84
/home/pi/Desktop/data/DataCollected/IMG1/Image_171628287722555.jpg,0.0
/home/pi/Desktop/data/DataCollected/IMG1/Image_1716282877287369.jpg,0.0
/home/pi/Desktop/data/DataCollected/IMG1/Image_1716282877350028.jpg,0.0
/home/pi/Desktop/data/DataCollected/IMG1/Image_1716282877412532.jpg,0.0
/home/pi/Desktop/data/DataCollected/IMG1/Image_1716282877476245.jpg,0.0
/home/pi/Desktop/data/DataCollected/IMG1/Image_1716282877538915.jpg,0.0
/home/pi/Desktop/data/DataCollected/IMG1/Image_1716282877602088.jpg,0.0
/home/pi/Desktop/data/DataCollected/IMG1/Image_1716282877663915.jpg,0.51
/home/pi/Desktop/data/DataCollected/IMG1/Image_1716282877726889.jpg,0.63
/home/pi/Desktop/data/DataCollected/IMG1/Image_1716282877790396.jpg,0.74
/home/pi/Desktop/data/DataCollected/IMG1/Image_171628287785429.jpg,1.0
/home/pi/Desktop/data/DataCollected/IMG1/Image_1716282877915259.jpg,1.0
/home/pi/Desktop/data/DataCollected/IMG1/Image_1716282877981358.jpg,1.0
/home/pi/Desktop/data/DataCollected/IMG1/Image_1716282878043887.jpg,1.0
/home/pi/Desktop/data/DataCollected/IMG1/Image_1716282878104719.jpg,1.0
/home/pi/Desktop/data/DataCollected/IMG1/Image_1716282878168023.jpg,1.0
/home/pi/Desktop/data/DataCollected/IMG1/Image_171628287823184.jpg,1.0
/home/pi/Desktop/data/DataCollected/IMG1/Image_1716282878293192.jpg,1.0
/home/pi/Desktop/data/DataCollected/IMG1/Image_1716282878356436.jpg,1.0
/home/pi/Desktop/data/DataCollected/IMG1/Image_1716282878421702.jpg,1.0
/home/pi/Desktop/data/DataCollected/IMG1/Image_1716282878482704.jpg,1.0
/home/pi/Desktop/data/DataCollected/IMG1/Image_1716282878545543.jpg,1.0
/home/pi/Desktop/data/DataCollected/IMG1/Image_1716282878610071.jpg,1.0
/home/pi/Desktop/data/DataCollected/IMG1/Image_1716282878672165.jpg,1.0
/home/pi/Desktop/data/DataCollected/IMG1/Image_1716282878735661.jpg,1.0
/home/pi/Desktop/data/DataCollected/IMG1/Image_1716282878799451.jpg,1.0
/home/pi/Desktop/data/DataCollected/IMG1/Image_1716282878862658.jpg,1.0
/home/pi/Desktop/data/DataCollected/IMG1/Image_1716282878923567.jpg,1.0
/home/pi/Desktop/data/DataCollected/IMG1/Image_171628287898635.jpg,1.0
/home/pi/Desktop/data/DataCollected/IMG1/Image_1716282879050396.jpg,0.0
/home/pi/Desktop/data/DataCollected/IMG1/Image_171628287911344.jpg,0.0
/home/pi/Desktop/data/DataCollected/IMG1/Image_1716282879177659.jpg,0.0
/home/pi/Desktop/data/DataCollected/IMG1/Image_1716282879239057.jpg,0.0
/home/pi/Desktop/data/DataCollected/IMG1/Image_1716282879303438.jpg,0.0
/home/pi/Desktop/data/DataCollected/IMG1/Image_1716282879364743.jpg,0.0
/home/pi/Desktop/data/DataCollected/IMG1/Image_1716282879428044.jpg,-1.0
/home/pi/Desktop/data/DataCollected/IMG1/Image_1716282879491979.jpg,-1.0
/home/pi/Desktop/data/DataCollected/IMG1/Image_1716282879552961.jpg,-1.0
/home/pi/Desktop/data/DataCollected/IMG1/Image_1716282879617163.jpg,-1.0
/home/pi/Desktop/data/DataCollected/IMG1/Image_1716282879681477.jpg,-1.0
/home/pi/Desktop/data/DataCollected/IMG1/Image_1716282879743447.jpg,-1.0
/home/pi/Desktop/data/DataCollected/IMG1/Image_1716282879805285.jpg,-1.0
/home/pi/Desktop/data/DataCollected/IMG1/Image_1716282879868662.jpg,-1.0
/home/pi/Desktop/data/DataCollected/IMG1/Image_1716282879931946.jpg,-1.0
/home/pi/Desktop/data/DataCollected/IMG1/Image_1716282879994487.jpg,-1.0
/home/pi/Desktop/data/DataCollected/IMG1/Image_1716282880059438.jpg,-1.0
/home/pi/Desktop/data/DataCollected/IMG1/Image_1716282880121475.jpg,-1.0
/home/pi/Desktop/data/DataCollected/IMG1/Image_1716282880183128.jpg,0.0
/home/pi/Desktop/data/DataCollected/IMG1/Image_1716282880246238.jpg,0.0
/home/pi/Desktop/data/DataCollected/IMG1/Image_171628288030961.jpg,0.0
/home/pi/Desktop/data/DataCollected/IMG1/Image_1716282880371788.jpg,0.0
/home/pi/Desktop/data/DataCollected/IMG1/Image_1716282880434683.jpg,0.0
/home/pi/Desktop/data/DataCollected/IMG1/Image_1716282880499419.jpg,0.0
/home/pi/Desktop/data/DataCollected/IMG1/Image_1716282880561434.jpg,0.0
/home/pi/Desktop/data/DataCollected/IMG1/Image_1716282880624684.jpg,0.0
/home/pi/Desktop/data/DataCollected/IMG1/Image_1716282880687838.jpg,0.0
/home/pi/Desktop/data/DataCollected/IMG1/Image_1716282880750306.jpg,0.0
/home/pi/Desktop/data/DataCollected/IMG1/Image_1716282880813631.jpg,0.0
/home/pi/Desktop/data/DataCollected/IMG1/Image_171628288087563.jpg,0.0
/home/pi/Desktop/data/DataCollected/IMG1/Image_1716282880939307.jpg,0.0
/home/pi/Desktop/data/DataCollected/IMG1/Image_1716282881004799.jpg,0.0
/home/pi/Desktop/data/DataCollected/IMG1/Image_1716282881065547.jpg,0.0
/home/pi/Desktop/data/DataCollected/IMG1/Image_1716282881129331.jpg,0.0
/home/pi/Desktop/data/DataCollected/IMG1/Image_1716282881191582.jpg,0.0
/home/pi/Desktop/data/DataCollected/IMG1/Image_1716282881254108.jpg,0.0
/home/pi/Desktop/data/DataCollected/IMG1/Image_1716282881316374.jpg,0.0
/home/pi/Desktop/data/DataCollected/IMG1/Image_1716282881381064.jpg,0.0
/home/pi/Desktop/data/DataCollected/IMG1/Image_1716282881442464.jpg,0.0
/home/pi/Desktop/data/DataCollected/IMG1/Image_1716282881507268.jpg,0.0
/home/pi/Desktop/data/DataCollected/IMG1/Image_1716282881569636.jpg,0.0
/home/pi/Desktop/data/DataCollected/IMG1/Image_1716282881632717.jpg,0.0
/home/pi/Desktop/data/DataCollected/IMG1/Image_1716282881695799.jpg,0.0
/home/pi/Desktop/data/DataCollected/IMG1/Image_1716282881758884.jpg,0.0
/home/pi/Desktop/data/DataCollected/IMG1/Image_1716282881821111.jpg,0.0
/home/pi/Desktop/data/DataCollected/IMG1/Image_1716282881882434.jpg,0.0
/home/pi/Desktop/data/DataCollected/IMG1/Image_1716282881946825.jpg,0.0
/home/pi/Desktop/data/DataCollected/IMG1/Image_1716282882009917.jpg,0.0
/home/pi/Desktop/data/DataCollected/IMG1/Image_1716282882072414.jpg,0.0
/home/pi/Desktop/data/DataCollected/IMG1/Image_1716282882135461.jpg,0.0
/home/pi/Desktop/data/DataCollected/IMG1/Image_1716282885526638.jpg,0.0
/home/pi/Desktop/data/DataCollected/IMG1/Image_171628288555553.jpg,0.0
/home/pi/Desktop/data/DataCollected/IMG1/Image_1716282885599181.jpg,0.0
/home/pi/Desktop/data/DataCollected/IMG1/Image_1716282885660807.jpg,0.0
/home/pi/Desktop/data/DataCollected/IMG1/Image_1716282885722492.jpg,0.0
/home/pi/Desktop/data/DataCollected/IMG1/Image_1716282885785815.jpg,0.0
/home/pi/Desktop/data/DataCollected/IMG1/Image_1716282885848414.jpg,0.0
/home/pi/Desktop/data/DataCollected/IMG1/Image_1716282885911844.jpg,0.0
/home/pi/Desktop/data/DataCollected/IMG1/Image_171628288597453.jpg,0.77
/home/pi/Desktop/data/DataCollected/IMG1/Image_1716282886037937.jpg,1.0
/home/pi/Desktop/data/DataCollected/IMG1/Image_1716282886101121.jpg,1.0
/home/pi/Desktop/data/DataCollected/IMG1/Image_1716282886164166.jpg,1.0
/home/pi/Desktop/data/DataCollected/IMG1/Image_1716282886226867.jpg,1.0
/home/pi/Desktop/data/DataCollected/IMG1/Image_1716282886289315.jpg,1.0
/home/pi/Desktop/data/DataCollected/IMG1/Image_1716282886352412.jpg,1.0
/home/pi/Desktop/data/DataCollected/IMG1/Image_1716282886416342.jpg,1.0
/home/pi/Desktop/data/DataCollected/IMG1/Image_1716282886480354.jpg,1.0
/home/pi/Desktop/data/DataCollected/IMG1/Image_1716282886542202.jpg,1.0
/home/pi/Desktop/data/DataCollected/IMG1/Image_1716282886603702.jpg,0.0
/home/pi/Desktop/data/DataCollected/IMG1/Image_1716282886666685.jpg,0.0
/home/pi/Desktop/data/DataCollected/IMG1/Image_1716282886729213.jpg,0.0
/home/pi/Desktop/data/DataCollected/IMG1/Image_1716282886794573.jpg,0.0
/home/pi/Desktop/data/DataCollected/IMG1/Image_1716282886855392.jpg,-0.36
/home/pi/Desktop/data/DataCollected/IMG1/Image_1716282886919633.jpg,-1.0
/home/pi/Desktop/data/DataCollected/IMG1/Image_1716282886982281.jpg,-1.0
/home/pi/Desktop/data/DataCollected/IMG1/Image_1716282887044308.jpg,-1.0
/home/pi/Desktop/data/DataCollected/IMG1/Image_1716282887108553.jpg,-1.0
/home/pi/Desktop/data/DataCollected/IMG1/Image_1716282887170767.jpg,-1.0
/home/pi/Desktop/data/DataCollected/IMG1/Image_1716282887232866.jpg,-1.0
/home/pi/Desktop/data/DataCollected/IMG1/Image_1716282887299311.jpg,-1.0
/home/pi/Desktop/data/DataCollected/IMG1/Image_1716282887360533.jpg,-1.0
/home/pi/Desktop/data/DataCollected/IMG1/Image_1716282887423597.jpg,0.0
/home/pi/Desktop/data/DataCollected/IMG1/Image_1716282887486325.jpg,0.0
/home/pi/Desktop/data/DataCollected/IMG1/Image_1716282887549089.jpg,0.0
/home/pi/Desktop/data/DataCollected/IMG1/Image_1716282887612145.jpg,0.3
/home/pi/Desktop/data/DataCollected/IMG1/Image_1716282887674846.jpg,1.0
/home/pi/Desktop/data/DataCollected/IMG1/Image_1716282887737925.jpg,1.0
/home/pi/Desktop/data/DataCollected/IMG1/Image_1716282887800853.jpg,1.0
/home/pi/Desktop/data/DataCollected/IMG1/Image_1716282887863842.jpg,1.0
/home/pi/Desktop/data/DataCollected/IMG1/Image_1716282887927815.jpg,1.0
/home/pi/Desktop/data/DataCollected/IMG1/Image_1716282887990587.jpg,1.0
/home/pi/Desktop/data/DataCollected/IMG1/Image_1716282888055614.jpg,1.0
/home/pi/Desktop/data/DataCollected/IMG1/Image_1716282888116541.jpg,1.0
/home/pi/Desktop/data/DataCollected/IMG1/Image_1716282888179339.jpg,1.0
/home/pi/Desktop/data/DataCollected/IMG1/Image_1716282888241899.jpg,1.0
/home/pi/Desktop/data/DataCollected/IMG1/Image_1716282888304267.jpg,0.08
/home/pi/Desktop/data/DataCollected/IMG1/Image_1716282888367346.jpg,0.0
/home/pi/Desktop/data/DataCollected/IMG1/Image_1716282888439948.jpg,0.0
/home/pi/Desktop/data/DataCollected/IMG1/Image_1716282888496946.jpg,0.0
/home/pi/Desktop/data/DataCollected/IMG1/Image_1716282888558666.jpg,0.0
/home/pi/Desktop/data/DataCollected/IMG1/Image_1716282888621837.jpg,-1.0
/home/pi/Desktop/data/DataCollected/IMG1/Image_1716282888683685.jpg,-1.0
/home/pi/Desktop/data/DataCollected/IMG1/Image_1716282888746653.jpg,-1.0
/home/pi/Desktop/data/DataCollected/IMG1/Image_1716282888810914.jpg,-1.0
/home/pi/Desktop/data/DataCollected/IMG1/Image_1716282888871019.jpg,-1.0
/home/pi/Desktop/data/DataCollected/IMG1/Image_1716282888936338.jpg,-1.0
/home/pi/Desktop/data/DataCollected/IMG1/Image_1716282888999428.jpg,-1.0
/home/pi/Desktop/data/DataCollected/IMG1/Image_1716282889062304.jpg,-1.0
/home/pi/Desktop/data/DataCollected/IMG1/Image_1716282889126556.jpg,-1.0
/home/pi/Desktop/data/DataCollected/IMG1/Image_171628288918602.jpg,-1.0
/home/pi/Desktop/data/DataCollected/IMG1/Image_1716282889250517.jpg,-1.0
/home/pi/Desktop/data/DataCollected/IMG1/Image_1716282889312952.jpg,-1.0
/home/pi/Desktop/data/DataCollected/IMG1/Image_171628288937677.jpg,0.0
/home/pi/Desktop/data/DataCollected/IMG1/Image_1716282889439911.jpg,0.0
/home/pi/Desktop/data/DataCollected/IMG1/Image_1716282889502358.jpg,0.0
/home/pi/Desktop/data/DataCollected/IMG1/Image_1716282889564703.jpg,0.0
/home/pi/Desktop/data/DataCollected/IMG1/Image_1716282889628674.jpg,0.0
/home/pi/Desktop/data/DataCollected/IMG1/Image_1716282889691661.jpg,0.0
/home/pi/Desktop/data/DataCollected/IMG1/Image_1716282889755229.jpg,0.0
/home/pi/Desktop/data/DataCollected/IMG1/Image_1716282889817503.jpg,0.0
/home/pi/Desktop/data/DataCollected/IMG1/Image_17162828898808.jpg,0.0
/home/pi/Desktop/data/DataCollected/IMG1/Image_1716282894579342.jpg,0.0
/home/pi/Desktop/data/DataCollected/IMG1/Image_1716282894607096.jpg,0.0
/home/pi/Desktop/data/DataCollected/IMG1/Image_171628289466384.jpg,0.0
/home/pi/Desktop/data/DataCollected/IMG1/Image_1716282894725459.jpg,0.0
/home/pi/Desktop/data/DataCollected/IMG1/Image_1716282894789218.jpg,0.0
/home/pi/Desktop/data/DataCollected/IMG1/Image_1716282894852153.jpg,0.34
/home/pi/Desktop/data/DataCollected/IMG1/Image_1716282894917584.jpg,1.0
/home/pi/Desktop/data/DataCollected/IMG1/Image_1716282894979816.jpg,1.0
/home/pi/Desktop/data/DataCollected/IMG1/Image_1716282895040816.jpg,1.0
/home/pi/Desktop/data/DataCollected/IMG1/Image_1716282895104049.jpg,1.0
/home/pi/Desktop/data/DataCollected/IMG1/Image_1716282895166859.jpg,1.0
/home/pi/Desktop/data/DataCollected/IMG1/Image_1716282895230323.jpg,0.0
/home/pi/Desktop/data/DataCollected/IMG1/Image_1716282895292564.jpg,0.0
/home/pi/Desktop/data/DataCollected/IMG1/Image_1716282895354936.jpg,0.0
/home/pi/Desktop/data/DataCollected/IMG1/Image_1716282895419963.jpg,0.0
/home/pi/Desktop/data/DataCollected/IMG1/Image_1716282895482346.jpg,0.0
/home/pi/Desktop/data/DataCollected/IMG1/Image_171628289554415.jpg,-0.98
/home/pi/Desktop/data/DataCollected/IMG1/Image_1716282895608152.jpg,-1.0
/home/pi/Desktop/data/DataCollected/IMG1/Image_1716282895669748.jpg,-1.0
/home/pi/Desktop/data/DataCollected/IMG1/Image_1716282895733406.jpg,-1.0
/home/pi/Desktop/data/DataCollected/IMG1/Image_1716282895797874.jpg,-1.0
/home/pi/Desktop/data/DataCollected/IMG1/Image_1716282895860398.jpg,-1.0
/home/pi/Desktop/data/DataCollected/IMG1/Image_1716282895922874.jpg,-1.0
/home/pi/Desktop/data/DataCollected/IMG1/Image_1716282895987075.jpg,-1.0
/home/pi/Desktop/data/DataCollected/IMG1/Image_1716282896047799.jpg,-1.0
/home/pi/Desktop/data/DataCollected/IMG1/Image_1716282896111448.jpg,-1.0
/home/pi/Desktop/data/DataCollected/IMG1/Image_1716282896173341.jpg,0.0
/home/pi/Desktop/data/DataCollected/IMG1/Image_1716282896237937.jpg,0.0
/home/pi/Desktop/data/DataCollected/IMG1/Image_1716282896299482.jpg,0.0
/home/pi/Desktop/data/DataCollected/IMG1/Image_1716282896364305.jpg,0.0
/home/pi/Desktop/data/DataCollected/IMG1/Image_1716282896425394.jpg,0.79
/home/pi/Desktop/data/DataCollected/IMG1/Image_1716282896490611.jpg,1.0
/home/pi/Desktop/data/DataCollected/IMG1/Image_1716282896552368.jpg,1.0
/home/pi/Desktop/data/DataCollected/IMG1/Image_1716282896615112.jpg,1.0
/home/pi/Desktop/data/DataCollected/IMG1/Image_1716282896679906.jpg,1.0
/home/pi/Desktop/data/DataCollected/IMG1/Image_1716282896742389.jpg,1.0
/home/pi/Desktop/data/DataCollected/IMG1/Image_1716282896804342.jpg,0.0
/home/pi/Desktop/data/DataCollected/IMG1/Image_1716282896866694.jpg,0.0
/home/pi/Desktop/data/DataCollected/IMG1/Image_1716282896929956.jpg,-0.72
/home/pi/Desktop/data/DataCollected/IMG1/Image_1716282896993627.jpg,-1.0
/home/pi/Desktop/data/DataCollected/IMG1/Image_1716282897054507.jpg,-1.0
/home/pi/Desktop/data/DataCollected/IMG1/Image_1716282897118394.jpg,-1.0
/home/pi/Desktop/data/DataCollected/IMG1/Image_1716282897180625.jpg,-1.0
/home/pi/Desktop/data/DataCollected/IMG1/Image_1716282897243224.jpg,-1.0
/home/pi/Desktop/data/DataCollected/IMG1/Image_1716282897308052.jpg,-1.0
/home/pi/Desktop/data/DataCollected/IMG1/Image_1716282897369522.jpg,-1.0
/home/pi/Desktop/data/DataCollected/IMG1/Image_1716282897431733.jpg,-1.0
/home/pi/Desktop/data/DataCollected/IMG1/Image_1716282897496674.jpg,-1.0
/home/pi/Desktop/data/DataCollected/IMG1/Image_1716282897558777.jpg,0.0
/home/pi/Desktop/data/DataCollected/IMG1/Image_1716282897621919.jpg,0.0
/home/pi/Desktop/data/DataCollected/IMG1/Image_1716282897684953.jpg,0.77
/home/pi/Desktop/data/DataCollected/IMG1/Image_1716282897747752.jpg,1.0
/home/pi/Desktop/data/DataCollected/IMG1/Image_1716282897811199.jpg,1.0
/home/pi/Desktop/data/DataCollected/IMG1/Image_1716282897873883.jpg,1.0
/home/pi/Desktop/data/DataCollected/IMG1/Image_1716282897936893.jpg,1.0
/home/pi/Desktop/data/DataCollected/IMG1/Image_1716282897999921.jpg,1.0
/home/pi/Desktop/data/DataCollected/IMG1/Image_1716282898062628.jpg,1.0
/home/pi/Desktop/data/DataCollected/IMG1/Image_171628289812546.jpg,0.0
/home/pi/Desktop/data/DataCollected/IMG1/Image_1716282898188164.jpg,0.0
/home/pi/Desktop/data/DataCollected/IMG1/Image_1716282898251636.jpg,0.0
/home/pi/Desktop/data/DataCollected/IMG1/Image_1716282898314087.jpg,-1.0
/home/pi/Desktop/data/DataCollected/IMG1/Image_1716282898377196.jpg,-1.0
/home/pi/Desktop/data/DataCollected/IMG1/Image_1716282898439861.jpg,-1.0
/home/pi/Desktop/data/DataCollected/IMG1/Image_171628289850402.jpg,-1.0
/home/pi/Desktop/data/DataCollected/IMG1/Image_1716282898565663.jpg,-1.0
/home/pi/Desktop/data/DataCollected/IMG1/Image_1716282898628663.jpg,-1.0
/home/pi/Desktop/data/DataCollected/IMG1/Image_1716282898691387.jpg,-1.0
/home/pi/Desktop/data/DataCollected/IMG1/Image_1716282898754589.jpg,0.0
/home/pi/Desktop/data/DataCollected/IMG1/Image_171628289881699.jpg,0.0
/home/pi/Desktop/data/DataCollected/IMG1/Image_1716282898880549.jpg,0.0
/home/pi/Desktop/data/DataCollected/IMG1/Image_1716282898943153.jpg,0.51
/home/pi/Desktop/data/DataCollected/IMG1/Image_1716282899005685.jpg,0.72
/home/pi/Desktop/data/DataCollected/IMG1/Image_171628289906917.jpg,0.75
/home/pi/Desktop/data/DataCollected/IMG1/Image_1716282899131284.jpg,0.02
/home/pi/Desktop/data/DataCollected/IMG1/Image_1716282899194503.jpg,0.0
/home/pi/Desktop/data/DataCollected/IMG1/Image_1716282899257235.jpg,0.0
/home/pi/Desktop/data/DataCollected/IMG1/Image_1716282899320502.jpg,0.0
/home/pi/Desktop/data/DataCollected/IMG1/Image_171628289938386.jpg,0.0
/home/pi/Desktop/data/DataCollected/IMG1/Image_1716282899446042.jpg,0.0
/home/pi/Desktop/data/DataCollected/IMG1/Image_1716282899508914.jpg,0.0
/home/pi/Desktop/data/DataCollected/IMG1/Image_1716282899571782.jpg,0.0
/home/pi/Desktop/data/DataCollected/IMG1/Image_17162828996346.jpg,0.0
/home/pi/Desktop/data/DataCollected/IMG1/Image_1716282899697693.jpg,0.0
/home/pi/Desktop/data/DataCollected/IMG1/Image_1716282899761676.jpg,0.0
/home/pi/Desktop/data/DataCollected/IMG1/Image_1716282899823364.jpg,0.0
/home/pi/Desktop/data/DataCollected/IMG1/Image_1716282899888281.jpg,0.0
/home/pi/Desktop/data/DataCollected/IMG1/Image_1716282899949062.jpg,0.0
/home/pi/Desktop/data/DataCollected/IMG1/Image_1716282900012813.jpg,0.0
/home/pi/Desktop/data/DataCollected/IMG1/Image_1716282900075265.jpg,0.0
/home/pi/Desktop/data/DataCollected/IMG1/Image_1716282900137949.jpg,-0.16
/home/pi/Desktop/data/DataCollected/IMG1/Image_1716282900201101.jpg,-1.0
/home/pi/Desktop/data/DataCollected/IMG1/Image_1716282900263603.jpg,-1.0
/home/pi/Desktop/data/DataCollected/IMG1/Image_1716282900327561.jpg,-1.0
/home/pi/Desktop/data/DataCollected/IMG1/Image_1716282900389942.jpg,-1.0
/home/pi/Desktop/data/DataCollected/IMG1/Image_1716282900453156.jpg,-1.0
/home/pi/Desktop/data/DataCollected/IMG1/Image_1716282900516647.jpg,-1.0
/home/pi/Desktop/data/DataCollected/IMG1/Image_1716282900580267.jpg,-1.0
/home/pi/Desktop/data/DataCollected/IMG1/Image_1716282900641715.jpg,-1.0
/home/pi/Desktop/data/DataCollected/IMG1/Image_1716282900705472.jpg,-1.0
/home/pi/Desktop/data/DataCollected/IMG1/Image_1716282900768247.jpg,-1.0
/home/pi/Desktop/data/DataCollected/IMG1/Image_1716282900830777.jpg,-1.0
/home/pi/Desktop/data/DataCollected/IMG1/Image_1716282900893871.jpg,0.0
/home/pi/Desktop/data/DataCollected/IMG1/Image_1716282900958052.jpg,0.0
/home/pi/Desktop/data/DataCollected/IMG1/Image_1716282901023063.jpg,0.38
/home/pi/Desktop/data/DataCollected/IMG1/Image_1716282901086015.jpg,0.87
/home/pi/Desktop/data/DataCollected/IMG1/Image_1716282901147455.jpg,0.96
/home/pi/Desktop/data/DataCollected/IMG1/Image_1716282901211682.jpg,0.95
/home/pi/Desktop/data/DataCollected/IMG1/Image_1716282901273254.jpg,0.95
/home/pi/Desktop/data/DataCollected/IMG1/Image_1716282901334464.jpg,0.95
/home/pi/Desktop/data/DataCollected/IMG1/Image_171628290140086.jpg,0.95
/home/pi/Desktop/data/DataCollected/IMG1/Image_1716282901462343.jpg,0.94
/home/pi/Desktop/data/DataCollected/IMG1/Image_1716282901524573.jpg,0.95
/home/pi/Desktop/data/DataCollected/IMG1/Image_1716282901587276.jpg,0.94
/home/pi/Desktop/data/DataCollected/IMG1/Image_1716282901650198.jpg,0.48
/home/pi/Desktop/data/DataCollected/IMG1/Image_1716282901712764.jpg,0.0
/home/pi/Desktop/data/DataCollected/IMG1/Image_1716282901777002.jpg,0.0
/home/pi/Desktop/data/DataCollected/IMG1/Image_1716282901838733.jpg,0.0
/home/pi/Desktop/data/DataCollected/IMG1/Image_1716282901901673.jpg,0.0
/home/pi/Desktop/data/DataCollected/IMG1/Image_1716282901965163.jpg,0.0
/home/pi/Desktop/data/DataCollected/IMG1/Image_1716282902029417.jpg,0.0
/home/pi/Desktop/data/DataCollected/IMG1/Image_1716282902093255.jpg,0.26
/home/pi/Desktop/data/DataCollected/IMG1/Image_1716282902155461.jpg,0.81
/home/pi/Desktop/data/DataCollected/IMG1/Image_1716282902218188.jpg,1.0
/home/pi/Desktop/data/DataCollected/IMG1/Image_1716282902280153.jpg,1.0
/home/pi/Desktop/data/DataCollected/IMG1/Image_1716282902344689.jpg,1.0
/home/pi/Desktop/data/DataCollected/IMG1/Image_1716282902408046.jpg,1.0
/home/pi/Desktop/data/DataCollected/IMG1/Image_1716282902470357.jpg,1.0
/home/pi/Desktop/data/DataCollected/IMG1/Image_1716282902537561.jpg,1.0
/home/pi/Desktop/data/DataCollected/IMG1/Image_1716282902599051.jpg,1.0
/home/pi/Desktop/data/DataCollected/IMG1/Image_1716282902661738.jpg,1.0
/home/pi/Desktop/data/DataCollected/IMG1/Image_171628290272301.jpg,1.0
/home/pi/Desktop/data/DataCollected/IMG1/Image_1716282902786333.jpg,1.0
/home/pi/Desktop/data/DataCollected/IMG1/Image_1716282902850249.jpg,1.0
/home/pi/Desktop/data/DataCollected/IMG1/Image_1716282902915347.jpg,1.0
/home/pi/Desktop/data/DataCollected/IMG1/Image_1716282902975414.jpg,1.0
/home/pi/Desktop/data/DataCollected/IMG1/Image_1716282903038727.jpg,1.0
/home/pi/Desktop/data/DataCollected/IMG1/Image_1716282903101172.jpg,1.0
/home/pi/Desktop/data/DataCollected/IMG1/Image_1716282903165069.jpg,1.0
/home/pi/Desktop/data/DataCollected/IMG1/Image_1716282903227448.jpg,1.0
/home/pi/Desktop/data/DataCollected/IMG1/Image_171628290329066.jpg,1.0
/home/pi/Desktop/data/DataCollected/IMG1/Image_1716282903351712.jpg,1.0
/home/pi/Desktop/data/DataCollected/IMG1/Image_1716282903415815.jpg,1.0
/home/pi/Desktop/data/DataCollected/IMG1/Image_1716282903479373.jpg,1.0
/home/pi/Desktop/data/DataCollected/IMG1/Image_1716282903543482.jpg,1.0
/home/pi/Desktop/data/DataCollected/IMG1/Image_1716282903603565.jpg,1.0
/home/pi/Desktop/data/DataCollected/IMG1/Image_1716282903665167.jpg,1.0
/home/pi/Desktop/data/DataCollected/IMG1/Image_1716282903730428.jpg,1.0
/home/pi/Desktop/data/DataCollected/IMG1/Image_1716282903791411.jpg,1.0
/home/pi/Desktop/data/DataCollected/IMG1/Image_1716282903854875.jpg,1.0
/home/pi/Desktop/data/DataCollected/IMG1/Image_171628290391891.jpg,1.0
/home/pi/Desktop/data/DataCollected/IMG1/Image_1716282903979868.jpg,0.76
/home/pi/Desktop/data/DataCollected/IMG1/Image_1716282904043201.jpg,0.0
/home/pi/Desktop/data/DataCollected/IMG1/Image_17162829041067.jpg,0.0
/home/pi/Desktop/data/DataCollected/IMG1/Image_1716282904170733.jpg,0.0
/home/pi/Desktop/data/DataCollected/IMG1/Image_171628290423289.jpg,-1.0
/home/pi/Desktop/data/DataCollected/IMG1/Image_1716282904296352.jpg,-1.0
/home/pi/Desktop/data/DataCollected/IMG1/Image_1716282904359571.jpg,-1.0
/home/pi/Desktop/data/DataCollected/IMG1/Image_1716282904423948.jpg,-1.0
/home/pi/Desktop/data/DataCollected/IMG1/Image_171628290448565.jpg,-1.0
/home/pi/Desktop/data/DataCollected/IMG1/Image_171628290454826.jpg,0.0
/home/pi/Desktop/data/DataCollected/IMG1/Image_171628290461174.jpg,0.0
/home/pi/Desktop/data/DataCollected/IMG1/Image_1716282904674813.jpg,0.0
/home/pi/Desktop/data/DataCollected/IMG1/Image_1716282904737664.jpg,0.32
/home/pi/Desktop/data/DataCollected/IMG1/Image_1716282904799383.jpg,1.0
/home/pi/Desktop/data/DataCollected/IMG1/Image_1716282904864821.jpg,1.0
/home/pi/Desktop/data/DataCollected/IMG1/Image_1716282904926056.jpg,1.0
/home/pi/Desktop/data/DataCollected/IMG1/Image_1716282904987762.jpg,1.0
/home/pi/Desktop/data/DataCollected/IMG1/Image_1716282905053095.jpg,1.0
/home/pi/Desktop/data/DataCollected/IMG1/Image_1716282905114621.jpg,1.0
/home/pi/Desktop/data/DataCollected/IMG1/Image_1716282905177317.jpg,1.0
/home/pi/Desktop/data/DataCollected/IMG1/Image_1716282905240387.jpg,0.0
/home/pi/Desktop/data/DataCollected/IMG1/Image_1716282905303028.jpg,0.0
/home/pi/Desktop/data/DataCollected/IMG1/Image_1716282905365968.jpg,0.0
/home/pi/Desktop/data/DataCollected/IMG1/Image_1716282905429882.jpg,0.0
/home/pi/Desktop/data/DataCollected/IMG1/Image_1716282905491824.jpg,-1.0
/home/pi/Desktop/data/DataCollected/IMG1/Image_1716282905554606.jpg,-1.0
/home/pi/Desktop/data/DataCollected/IMG1/Image_1716282905617642.jpg,-1.0
/home/pi/Desktop/data/DataCollected/IMG1/Image_1716282905682134.jpg,-1.0
/home/pi/Desktop/data/DataCollected/IMG1/Image_1716282905743458.jpg,0.0
/home/pi/Desktop/data/DataCollected/IMG1/Image_1716282905807766.jpg,0.0
/home/pi/Desktop/data/DataCollected/IMG1/Image_1716282905869893.jpg,0.0
/home/pi/Desktop/data/DataCollected/IMG1/Image_1716282905931728.jpg,0.0
/home/pi/Desktop/data/DataCollected/IMG1/Image_1716282905995485.jpg,0.0
/home/pi/Desktop/data/DataCollected/IMG1/Image_1716282906057697.jpg,0.0
/home/pi/Desktop/data/DataCollected/IMG1/Image_1716282906121587.jpg,0.0
/home/pi/Desktop/data/DataCollected/IMG1/Image_1716282906185164.jpg,0.0
/home/pi/Desktop/data/DataCollected/IMG1/Image_1716282906246514.jpg,-0.38
/home/pi/Desktop/data/DataCollected/IMG1/Image_171628290631305.jpg,-1.0
/home/pi/Desktop/data/DataCollected/IMG1/Image_1716282906372714.jpg,-1.0
/home/pi/Desktop/data/DataCollected/IMG1/Image_1716282906435426.jpg,0.0
/home/pi/Desktop/data/DataCollected/IMG1/Image_1716282906497976.jpg,0.0
/home/pi/Desktop/data/DataCollected/IMG1/Image_1716282906562036.jpg,0.0
/home/pi/Desktop/data/DataCollected/IMG1/Image_1716282906623654.jpg,0.0
/home/pi/Desktop/data/DataCollected/IMG1/Image_1716282906686893.jpg,0.0
/home/pi/Desktop/data/DataCollected/IMG1/Image_1716282906749108.jpg,0.46
/home/pi/Desktop/data/DataCollected/IMG1/Image_1716282906814464.jpg,1.0
/home/pi/Desktop/data/DataCollected/IMG1/Image_1716282906876306.jpg,1.0
/home/pi/Desktop/data/DataCollected/IMG1/Image_1716282906939104.jpg,1.0
/home/pi/Desktop/data/DataCollected/IMG1/Image_1716282907002987.jpg,1.0
/home/pi/Desktop/data/DataCollected/IMG1/Image_1716282907064219.jpg,1.0
/home/pi/Desktop/data/DataCollected/IMG1/Image_1716282907127316.jpg,1.0
/home/pi/Desktop/data/DataCollected/IMG1/Image_1716282907190495.jpg,0.64
/home/pi/Desktop/data/DataCollected/IMG1/Image_1716282907253071.jpg,0.68
/home/pi/Desktop/data/DataCollected/IMG1/Image_1716282907315585.jpg,0.77
/home/pi/Desktop/data/DataCollected/IMG1/Image_1716282907378337.jpg,1.0
/home/pi/Desktop/data/DataCollected/IMG1/Image_1716282907442221.jpg,1.0
/home/pi/Desktop/data/DataCollected/IMG1/Image_1716282907504435.jpg,1.0
/home/pi/Desktop/data/DataCollected/IMG1/Image_171628290756815.jpg,1.0
/home/pi/Desktop/data/DataCollected/IMG1/Image_1716282907630175.jpg,1.0
/home/pi/Desktop/data/DataCollected/IMG1/Image_1716282907693206.jpg,0.0
/home/pi/Desktop/data/DataCollected/IMG1/Image_1716282907757608.jpg,0.0
/home/pi/Desktop/data/DataCollected/IMG1/Image_1716282907818986.jpg,0.0
/home/pi/Desktop/data/DataCollected/IMG1/Image_1716282907881668.jpg,0.0
/home/pi/Desktop/data/DataCollected/IMG1/Image_1716282907945098.jpg,0.0
/home/pi/Desktop/data/DataCollected/IMG1/Image_1716282908008322.jpg,0.0
/home/pi/Desktop/data/DataCollected/IMG1/Image_1716282908071824.jpg,0.0
/home/pi/Desktop/data/DataCollected/IMG1/Image_1716282908135163.jpg,0.0
/home/pi/Desktop/data/DataCollected/IMG1/Image_1716282908202186.jpg,0.0
/home/pi/Desktop/data/DataCollected/IMG1/Image_171628290826126.jpg,0.0
/home/pi/Desktop/data/DataCollected/IMG1/Image_1716282908323872.jpg,0.0
/home/pi/Desktop/data/DataCollected/IMG1/Image_1716282908386579.jpg,0.0
/home/pi/Desktop/data/DataCollected/IMG1/Image_171628290844872.jpg,0.39
/home/pi/Desktop/data/DataCollected/IMG1/Image_1716282908512662.jpg,0.91
/home/pi/Desktop/data/DataCollected/IMG1/Image_171628290857469.jpg,1.0
/home/pi/Desktop/data/DataCollected/IMG1/Image_1716282908637426.jpg,1.0
/home/pi/Desktop/data/DataCollected/IMG1/Image_1716282908700808.jpg,0.31
/home/pi/Desktop/data/DataCollected/IMG1/Image_171628290876425.jpg,0.0
/home/pi/Desktop/data/DataCollected/IMG1/Image_1716282908828713.jpg,0.0
/home/pi/Desktop/data/DataCollected/IMG1/Image_1716282908891037.jpg,0.0
/home/pi/Desktop/data/DataCollected/IMG1/Image_1716282908952931.jpg,0.0
/home/pi/Desktop/data/DataCollected/IMG1/Image_1716282909016043.jpg,0.0
/home/pi/Desktop/data/DataCollected/IMG1/Image_1716282909078669.jpg,0.0
/home/pi/Desktop/data/DataCollected/IMG1/Image_1716282909141472.jpg,-1.0
/home/pi/Desktop/data/DataCollected/IMG1/Image_1716282909204199.jpg,-1.0
/home/pi/Desktop/data/DataCollected/IMG1/Image_1716282909268553.jpg,-1.0
/home/pi/Desktop/data/DataCollected/IMG1/Image_1716282909334334.jpg,-1.0
/home/pi/Desktop/data/DataCollected/IMG1/Image_171628290939365.jpg,-1.0
/home/pi/Desktop/data/DataCollected/IMG1/Image_1716282909455782.jpg,-1.0
/home/pi/Desktop/data/DataCollected/IMG1/Image_1716282909518484.jpg,-1.0
/home/pi/Desktop/data/DataCollected/IMG1/Image_171628290958327.jpg,-1.0
/home/pi/Desktop/data/DataCollected/IMG1/Image_1716282909644777.jpg,-1.0
/home/pi/Desktop/data/DataCollected/IMG1/Image_1716282909762489.jpg,-1.0
/home/pi/Desktop/data/DataCollected/IMG1/Image_1716282909792131.jpg,-1.0
/home/pi/Desktop/data/DataCollected/IMG1/Image_1716282909838772.jpg,-1.0
/home/pi/Desktop/data/DataCollected/IMG1/Image_1716282909899314.jpg,-1.0
/home/pi/Desktop/data/DataCollected/IMG1/Image_1716282909961332.jpg,-1.0
/home/pi/Desktop/data/DataCollected/IMG1/Image_171628291002634.jpg,-1.0
/home/pi/Desktop/data/DataCollected/IMG1/Image_1716282910089953.jpg,-1.0
/home/pi/Desktop/data/DataCollected/IMG1/Image_171628291015269.jpg,-1.0
/home/pi/Desktop/data/DataCollected/IMG1/Image_1716282910214252.jpg,-1.0
/home/pi/Desktop/data/DataCollected/IMG1/Image_171628291027702.jpg,-1.0
/home/pi/Desktop/data/DataCollected/IMG1/Image_1716282910341034.jpg,-1.0
/home/pi/Desktop/data/DataCollected/IMG1/Image_171628291040229.jpg,-1.0
/home/pi/Desktop/data/DataCollected/IMG1/Image_1716282910464151.jpg,-1.0
/home/pi/Desktop/data/DataCollected/IMG1/Image_1716282910527935.jpg,-1.0
/home/pi/Desktop/data/DataCollected/IMG1/Image_1716282910590065.jpg,-1.0
/home/pi/Desktop/data/DataCollected/IMG1/Image_1716282910653305.jpg,-1.0
/home/pi/Desktop/data/DataCollected/IMG1/Image_1716282910716342.jpg,-1.0
/home/pi/Desktop/data/DataCollected/IMG1/Image_1716282910778851.jpg,-1.0
/home/pi/Desktop/data/DataCollected/IMG1/Image_1716282910841191.jpg,-1.0
/home/pi/Desktop/data/DataCollected/IMG1/Image_1716282910903958.jpg,-1.0
/home/pi/Desktop/data/DataCollected/IMG1/Image_1716282910968112.jpg,-1.0
/home/pi/Desktop/data/DataCollected/IMG1/Image_1716282911030279.jpg,-1.0
/home/pi/Desktop/data/DataCollected/IMG1/Image_1716282911093653.jpg,-1.0
/home/pi/Desktop/data/DataCollected/IMG1/Image_1716282911157478.jpg,-1.0
/home/pi/Desktop/data/DataCollected/IMG1/Image_171628291121923.jpg,-1.0
/home/pi/Desktop/data/DataCollected/IMG1/Image_1716282911283501.jpg,-1.0
/home/pi/Desktop/data/DataCollected/IMG1/Image_1716282911346985.jpg,-1.0
/home/pi/Desktop/data/DataCollected/IMG1/Image_1716282911407444.jpg,-1.0
/home/pi/Desktop/data/DataCollected/IMG1/Image_1716282911471819.jpg,-1.0
/home/pi/Desktop/data/DataCollected/IMG1/Image_1716282911533148.jpg,-1.0
/home/pi/Desktop/data/DataCollected/IMG1/Image_1716282911596761.jpg,-1.0
/home/pi/Desktop/data/DataCollected/IMG1/Image_1716282911659524.jpg,-1.0
/home/pi/Desktop/data/DataCollected/IMG1/Image_171628291172249.jpg,-0.12
/home/pi/Desktop/data/DataCollected/IMG1/Image_1716282911786503.jpg,-0.13
/home/pi/Desktop/data/DataCollected/IMG1/Image_1716282911848566.jpg,-0.52
/home/pi/Desktop/data/DataCollected/IMG1/Image_1716282911913713.jpg,-1.0
/home/pi/Desktop/data/DataCollected/IMG1/Image_1716282911977242.jpg,-1.0
/home/pi/Desktop/data/DataCollected/IMG1/Image_1716282912040266.jpg,-1.0
/home/pi/Desktop/data/DataCollected/IMG1/Image_1716282912104536.jpg,0.0
/home/pi/Desktop/data/DataCollected/IMG1/Image_1716282912164692.jpg,0.0
/home/pi/Desktop/data/DataCollected/IMG1/Image_1716282912227573.jpg,0.0
/home/pi/Desktop/data/DataCollected/IMG1/Image_1716282912291004.jpg,0.0
/home/pi/Desktop/data/DataCollected/IMG1/Image_1716282912354306.jpg,0.0
/home/pi/Desktop/data/DataCollected/IMG1/Image_1716282912416622.jpg,0.86
/home/pi/Desktop/data/DataCollected/IMG1/Image_1716282912480886.jpg,1.0
/home/pi/Desktop/data/DataCollected/IMG1/Image_1716282912543333.jpg,1.0
/home/pi/Desktop/data/DataCollected/IMG1/Image_1716282912607305.jpg,1.0
/home/pi/Desktop/data/DataCollected/IMG1/Image_171628291266791.jpg,1.0
/home/pi/Desktop/data/DataCollected/IMG1/Image_1716282912730742.jpg,1.0
/home/pi/Desktop/data/DataCollected/IMG1/Image_1716282912792675.jpg,1.0
/home/pi/Desktop/data/DataCollected/IMG1/Image_1716282912857036.jpg,0.56
/home/pi/Desktop/data/DataCollected/IMG1/Image_1716282912920442.jpg,0.0
/home/pi/Desktop/data/DataCollected/IMG1/Image_1716282912983033.jpg,0.0
/home/pi/Desktop/data/DataCollected/IMG1/Image_1716282913045462.jpg,-0.37
/home/pi/Desktop/data/DataCollected/IMG1/Image_1716282913108605.jpg,-1.0
/home/pi/Desktop/data/DataCollected/IMG1/Image_1716282913172298.jpg,-1.0
/home/pi/Desktop/data/DataCollected/IMG1/Image_1716282913235645.jpg,-1.0
/home/pi/Desktop/data/DataCollected/IMG1/Image_1716282913298035.jpg,-1.0
/home/pi/Desktop/data/DataCollected/IMG1/Image_1716282913360433.jpg,-1.0
/home/pi/Desktop/data/DataCollected/IMG1/Image_171628291342377.jpg,-1.0
/home/pi/Desktop/data/DataCollected/IMG1/Image_1716282913486905.jpg,-1.0
/home/pi/Desktop/data/DataCollected/IMG1/Image_1716282913549332.jpg,-1.0
/home/pi/Desktop/data/DataCollected/IMG1/Image_1716282913612028.jpg,-1.0
/home/pi/Desktop/data/DataCollected/IMG1/Image_1716282913674539.jpg,-1.0
/home/pi/Desktop/data/DataCollected/IMG1/Image_1716282913737374.jpg,-1.0
/home/pi/Desktop/data/DataCollected/IMG1/Image_1716282913801896.jpg,-1.0
/home/pi/Desktop/data/DataCollected/IMG1/Image_1716282913863281.jpg,-1.0
/home/pi/Desktop/data/DataCollected/IMG1/Image_1716282913927778.jpg,-1.0
/home/pi/Desktop/data/DataCollected/IMG1/Image_1716282913989487.jpg,-1.0
/home/pi/Desktop/data/DataCollected/IMG1/Image_171628291405413.jpg,-1.0
/home/pi/Desktop/data/DataCollected/IMG1/Image_1716282914118116.jpg,-0.18
/home/pi/Desktop/data/DataCollected/IMG1/Image_1716282914178618.jpg,0.0
/home/pi/Desktop/data/DataCollected/IMG1/Image_1716282914243541.jpg,0.0
/home/pi/Desktop/data/DataCollected/IMG1/Image_1716282914306292.jpg,0.0
/home/pi/Desktop/data/DataCollected/IMG1/Image_1716282914368731.jpg,0.0
/home/pi/Desktop/data/DataCollected/IMG1/Image_1716282914431464.jpg,0.0
/home/pi/Desktop/data/DataCollected/IMG1/Image_1716282914494202.jpg,0.0
/home/pi/Desktop/data/DataCollected/IMG1/Image_1716282914556653.jpg,0.0
/home/pi/Desktop/data/DataCollected/IMG1/Image_1716282914620871.jpg,0.0
/home/pi/Desktop/data/DataCollected/IMG1/Image_1716282914682563.jpg,0.0
/home/pi/Desktop/data/DataCollected/IMG1/Image_1716282914743989.jpg,0.0
/home/pi/Desktop/data/DataCollected/IMG1/Image_1716282914808312.jpg,0.0
/home/pi/Desktop/data/DataCollected/IMG1/Image_1716282914872422.jpg,-1.0
/home/pi/Desktop/data/DataCollected/IMG1/Image_1716282914934026.jpg,-1.0
/home/pi/Desktop/data/DataCollected/IMG1/Image_1716282914997037.jpg,-0.61
/home/pi/Desktop/data/DataCollected/IMG1/Image_1716282915060464.jpg,0.0
/home/pi/Desktop/data/DataCollected/IMG1/Image_1716282915123356.jpg,0.0
/home/pi/Desktop/data/DataCollected/IMG1/Image_1716282915185345.jpg,0.0
/home/pi/Desktop/data/DataCollected/IMG1/Image_1716282915249158.jpg,0.0
/home/pi/Desktop/data/DataCollected/IMG1/Image_1716282915313995.jpg,0.0
/home/pi/Desktop/data/DataCollected/IMG1/Image_1716282915374332.jpg,1.0
/home/pi/Desktop/data/DataCollected/IMG1/Image_1716282915438828.jpg,1.0
/home/pi/Desktop/data/DataCollected/IMG1/Image_1716282915501824.jpg,1.0
/home/pi/Desktop/data/DataCollected/IMG1/Image_1716282915563589.jpg,1.0
/home/pi/Desktop/data/DataCollected/IMG1/Image_1716282915628327.jpg,1.0
/home/pi/Desktop/data/DataCollected/IMG1/Image_1716282915687817.jpg,0.0
/home/pi/Desktop/data/DataCollected/IMG1/Image_1716282915752403.jpg,0.0
/home/pi/Desktop/data/DataCollected/IMG1/Image_1716282915814862.jpg,0.0
/home/pi/Desktop/data/DataCollected/IMG1/Image_1716282915877122.jpg,-1.0
/home/pi/Desktop/data/DataCollected/IMG1/Image_1716282915939798.jpg,-1.0
/home/pi/Desktop/data/DataCollected/IMG1/Image_1716282916002774.jpg,-1.0
/home/pi/Desktop/data/DataCollected/IMG1/Image_1716282916065351.jpg,-1.0
/home/pi/Desktop/data/DataCollected/IMG1/Image_1716282916130431.jpg,-1.0
/home/pi/Desktop/data/DataCollected/IMG1/Image_171628291619371.jpg,0.0
/home/pi/Desktop/data/DataCollected/IMG1/Image_1716282916255389.jpg,0.0
/home/pi/Desktop/data/DataCollected/IMG1/Image_1716282916318981.jpg,0.0
/home/pi/Desktop/data/DataCollected/IMG1/Image_1716282916383777.jpg,0.0
/home/pi/Desktop/data/DataCollected/IMG1/Image_171628291644677.jpg,0.61
/home/pi/Desktop/data/DataCollected/IMG1/Image_1716282916506607.jpg,1.0
/home/pi/Desktop/data/DataCollected/IMG1/Image_1716282916569143.jpg,1.0
/home/pi/Desktop/data/DataCollected/IMG1/Image_171628291663232.jpg,1.0
/home/pi/Desktop/data/DataCollected/IMG1/Image_1716282916695651.jpg,0.82
/home/pi/Desktop/data/DataCollected/IMG1/Image_1716282916759007.jpg,0.0
/home/pi/Desktop/data/DataCollected/IMG1/Image_1716282916822362.jpg,0.0
/home/pi/Desktop/data/DataCollected/IMG1/Image_171628291688424.jpg,0.0
/home/pi/Desktop/data/DataCollected/IMG1/Image_1716282916947099.jpg,0.0
/home/pi/Desktop/data/DataCollected/IMG1/Image_1716282917010572.jpg,0.0
/home/pi/Desktop/data/DataCollected/IMG1/Image_171628291707256.jpg,0.0
/home/pi/Desktop/data/DataCollected/IMG1/Image_1716282925609111.jpg,0.0
/home/pi/Desktop/data/DataCollected/IMG1/Image_1716282925641696.jpg,0.0
/home/pi/Desktop/data/DataCollected/IMG1/Image_171628292570028.jpg,0.0
/home/pi/Desktop/data/DataCollected/IMG1/Image_1716282925760729.jpg,0.0
/home/pi/Desktop/data/DataCollected/IMG1/Image_1716282925825437.jpg,0.0
/home/pi/Desktop/data/DataCollected/IMG1/Image_1716282925890897.jpg,0.0
/home/pi/Desktop/data/DataCollected/IMG1/Image_1716282925951761.jpg,0.37
/home/pi/Desktop/data/DataCollected/IMG1/Image_1716282926013272.jpg,1.0
/home/pi/Desktop/data/DataCollected/IMG1/Image_1716282926077615.jpg,1.0
/home/pi/Desktop/data/DataCollected/IMG1/Image_1716282926139917.jpg,1.0
/home/pi/Desktop/data/DataCollected/IMG1/Image_1716282926205339.jpg,0.0
/home/pi/Desktop/data/DataCollected/IMG1/Image_1716282926266881.jpg,0.0
/home/pi/Desktop/data/DataCollected/IMG1/Image_1716282926330069.jpg,0.0
/home/pi/Desktop/data/DataCollected/IMG1/Image_1716282926394205.jpg,-0.74
/home/pi/Desktop/data/DataCollected/IMG1/Image_1716282926456312.jpg,-1.0
/home/pi/Desktop/data/DataCollected/IMG1/Image_1716282926518056.jpg,-1.0
/home/pi/Desktop/data/DataCollected/IMG1/Image_171628292658272.jpg,-1.0
/home/pi/Desktop/data/DataCollected/IMG1/Image_1716282926644645.jpg,0.0
/home/pi/Desktop/data/DataCollected/IMG1/Image_1716282926706701.jpg,0.0
/home/pi/Desktop/data/DataCollected/IMG1/Image_1716282926769654.jpg,0.0
/home/pi/Desktop/data/DataCollected/IMG1/Image_1716282926834027.jpg,0.0
/home/pi/Desktop/data/DataCollected/IMG1/Image_1716282926898249.jpg,0.0
/home/pi/Desktop/data/DataCollected/IMG1/Image_1716282926961663.jpg,0.0
/home/pi/Desktop/data/DataCollected/IMG1/Image_1716282927023708.jpg,0.0
/home/pi/Desktop/data/DataCollected/IMG1/Image_1716282927086258.jpg,0.0
/home/pi/Desktop/data/DataCollected/IMG1/Image_1716282927147556.jpg,0.0
/home/pi/Desktop/data/DataCollected/IMG1/Image_1716282927211347.jpg,0.0
/home/pi/Desktop/data/DataCollected/IMG1/Image_1716282927273246.jpg,0.0
/home/pi/Desktop/data/DataCollected/IMG1/Image_1716282927335867.jpg,0.0
/home/pi/Desktop/data/DataCollected/IMG1/Image_1716282927399232.jpg,0.0
/home/pi/Desktop/data/DataCollected/IMG1/Image_171628292746291.jpg,0.0
/home/pi/Desktop/data/DataCollected/IMG1/Image_1716282927526724.jpg,0.0
/home/pi/Desktop/data/DataCollected/IMG1/Image_1716282927588528.jpg,0.0
/home/pi/Desktop/data/DataCollected/IMG1/Image_1716282927652425.jpg,0.0
/home/pi/Desktop/data/DataCollected/IMG1/Image_1716282927716648.jpg,0.0
/home/pi/Desktop/data/DataCollected/IMG1/Image_1716282927777424.jpg,0.0
/home/pi/Desktop/data/DataCollected/IMG1/Image_1716282927839077.jpg,0.0
/home/pi/Desktop/data/DataCollected/IMG1/Image_1716282927907317.jpg,0.0
/home/pi/Desktop/data/DataCollected/IMG1/Image_1716282927966001.jpg,0.0
/home/pi/Desktop/data/DataCollected/IMG1/Image_1716282928027662.jpg,0.0
/home/pi/Desktop/data/DataCollected/IMG1/Image_1716282928092525.jpg,0.1
/home/pi/Desktop/data/DataCollected/IMG1/Image_1716282928153855.jpg,0.08
/home/pi/Desktop/data/DataCollected/IMG1/Image_1716282928217288.jpg,0.1
/home/pi/Desktop/data/DataCollected/IMG1/Image_1716282928281079.jpg,0.1
/home/pi/Desktop/data/DataCollected/IMG1/Image_1716282928344599.jpg,0.06
/home/pi/Desktop/data/DataCollected/IMG1/Image_1716282928406182.jpg,0.0
/home/pi/Desktop/data/DataCollected/IMG1/Image_1716282928470391.jpg,0.0
/home/pi/Desktop/data/DataCollected/IMG1/Image_1716282928540519.jpg,0.0
/home/pi/Desktop/data/DataCollected/IMG1/Image_171628292859515.jpg,0.0
/home/pi/Desktop/data/DataCollected/IMG1/Image_1716282928659526.jpg,0.0
/home/pi/Desktop/data/DataCollected/IMG1/Image_1716282928721686.jpg,0.0
/home/pi/Desktop/data/DataCollected/IMG1/Image_1716282928784343.jpg,-0.11
/home/pi/Desktop/data/DataCollected/IMG1/Image_1716282928847093.jpg,-1.0
/home/pi/Desktop/data/DataCollected/IMG1/Image_1716282928910365.jpg,-1.0
/home/pi/Desktop/data/DataCollected/IMG1/Image_1716282928973038.jpg,-1.0
/home/pi/Desktop/data/DataCollected/IMG1/Image_1716282929036736.jpg,0.0
/home/pi/Desktop/data/DataCollected/IMG1/Image_1716282929099221.jpg,0.0
/home/pi/Desktop/data/DataCollected/IMG1/Image_1716282929162245.jpg,0.0
/home/pi/Desktop/data/DataCollected/IMG1/Image_1716282929224857.jpg,0.0
/home/pi/Desktop/data/DataCollected/IMG1/Image_1716282929289333.jpg,0.0
/home/pi/Desktop/data/DataCollected/IMG1/Image_1716282929352302.jpg,-0.8
/home/pi/Desktop/data/DataCollected/IMG1/Image_1716282929413411.jpg,-1.0
/home/pi/Desktop/data/DataCollected/IMG1/Image_1716282929477822.jpg,-1.0
/home/pi/Desktop/data/DataCollected/IMG1/Image_1716282929540971.jpg,0.0
/home/pi/Desktop/data/DataCollected/IMG1/Image_1716282929603599.jpg,0.0
/home/pi/Desktop/data/DataCollected/IMG1/Image_1716282929665557.jpg,0.0
/home/pi/Desktop/data/DataCollected/IMG1/Image_171628292972854.jpg,0.0
/home/pi/Desktop/data/DataCollected/IMG1/Image_1716282929792702.jpg,0.0
/home/pi/Desktop/data/DataCollected/IMG1/Image_1716282929853859.jpg,-0.16
/home/pi/Desktop/data/DataCollected/IMG1/Image_171628292991768.jpg,-0.72
/home/pi/Desktop/data/DataCollected/IMG1/Image_1716282929981197.jpg,-0.66
/home/pi/Desktop/data/DataCollected/IMG1/Image_1716282930043565.jpg,0.0
/home/pi/Desktop/data/DataCollected/IMG1/Image_1716282930106258.jpg,-0.12
/home/pi/Desktop/data/DataCollected/IMG1/Image_1716282930169189.jpg,-1.0
/home/pi/Desktop/data/DataCollected/IMG1/Image_1716282930233748.jpg,-1.0
/home/pi/Desktop/data/DataCollected/IMG1/Image_171628293029519.jpg,-1.0
/home/pi/Desktop/data/DataCollected/IMG1/Image_1716282930358362.jpg,-1.0
/home/pi/Desktop/data/DataCollected/IMG1/Image_1716282930420087.jpg,-0.9
/home/pi/Desktop/data/DataCollected/IMG1/Image_1716282930483344.jpg,0.0
/home/pi/Desktop/data/DataCollected/IMG1/Image_1716282930546127.jpg,0.0
/home/pi/Desktop/data/DataCollected/IMG1/Image_1716282930609527.jpg,0.0
/home/pi/Desktop/data/DataCollected/IMG1/Image_1716282930671541.jpg,0.0
/home/pi/Desktop/data/DataCollected/IMG1/Image_1716282930734659.jpg,0.81
/home/pi/Desktop/data/DataCollected/IMG1/Image_171628293079784.jpg,1.0
/home/pi/Desktop/data/DataCollected/IMG1/Image_1716282930861804.jpg,1.0
/home/pi/Desktop/data/DataCollected/IMG1/Image_1716282930922956.jpg,1.0
/home/pi/Desktop/data/DataCollected/IMG1/Image_1716282930986262.jpg,1.0
/home/pi/Desktop/data/DataCollected/IMG1/Image_1716282931049355.jpg,1.0
/home/pi/Desktop/data/DataCollected/IMG1/Image_1716282931113219.jpg,1.0
/home/pi/Desktop/data/DataCollected/IMG1/Image_1716282931176263.jpg,1.0
/home/pi/Desktop/data/DataCollected/IMG1/Image_171628293123814.jpg,1.0
/home/pi/Desktop/data/DataCollected/IMG1/Image_1716282931300943.jpg,0.82
/home/pi/Desktop/data/DataCollected/IMG1/Image_1716282931364045.jpg,0.0
/home/pi/Desktop/data/DataCollected/IMG1/Image_1716282931427617.jpg,0.0
/home/pi/Desktop/data/DataCollected/IMG1/Image_1716282931490843.jpg,0.0
/home/pi/Desktop/data/DataCollected/IMG1/Image_1716282931552358.jpg,0.16
/home/pi/Desktop/data/DataCollected/IMG1/Image_1716282931616539.jpg,0.43
/home/pi/Desktop/data/DataCollected/IMG1/Image_1716282931678123.jpg,0.42
/home/pi/Desktop/data/DataCollected/IMG1/Image_1716282931741022.jpg,0.02
/home/pi/Desktop/data/DataCollected/IMG1/Image_1716282931805432.jpg,0.0
/home/pi/Desktop/data/DataCollected/IMG1/Image_1716282931867986.jpg,0.0
/home/pi/Desktop/data/DataCollected/IMG1/Image_1716282931930177.jpg,0.0
/home/pi/Desktop/data/DataCollected/IMG1/Image_1716282931993543.jpg,1.0
/home/pi/Desktop/data/DataCollected/IMG1/Image_1716282932056901.jpg,1.0
/home/pi/Desktop/data/DataCollected/IMG1/Image_1716282932119585.jpg,1.0
/home/pi/Desktop/data/DataCollected/IMG1/Image_1716282932183955.jpg,1.0
/home/pi/Desktop/data/DataCollected/IMG1/Image_1716282932245151.jpg,1.0
/home/pi/Desktop/data/DataCollected/IMG1/Image_1716282932308612.jpg,1.0
/home/pi/Desktop/data/DataCollected/IMG1/Image_1716282932371512.jpg,1.0
/home/pi/Desktop/data/DataCollected/IMG1/Image_1716282932433685.jpg,1.0
/home/pi/Desktop/data/DataCollected/IMG1/Image_1716282932496767.jpg,1.0
/home/pi/Desktop/data/DataCollected/IMG1/Image_1716282932560242.jpg,1.0
/home/pi/Desktop/data/DataCollected/IMG1/Image_1716282932623551.jpg,0.0
/home/pi/Desktop/data/DataCollected/IMG1/Image_1716282932686591.jpg,0.0
/home/pi/Desktop/data/DataCollected/IMG1/Image_171628293274852.jpg,0.0
/home/pi/Desktop/data/DataCollected/IMG1/Image_1716282932811759.jpg,0.0
/home/pi/Desktop/data/DataCollected/IMG1/Image_1716282932875213.jpg,0.0
/home/pi/Desktop/data/DataCollected/IMG1/Image_171628293293902.jpg,0.0
/home/pi/Desktop/data/DataCollected/IMG1/Image_1716282933000754.jpg,0.0
/home/pi/Desktop/data/DataCollected/IMG1/Image_1716282933063304.jpg,0.0
/home/pi/Desktop/data/DataCollected/IMG1/Image_171628293312746.jpg,0.0
/home/pi/Desktop/data/DataCollected/IMG1/Image_1716282933189179.jpg,0.0
/home/pi/Desktop/data/DataCollected/IMG1/Image_1716282933252902.jpg,0.0
/home/pi/Desktop/data/DataCollected/IMG1/Image_1716282933316431.jpg,-0.93
/home/pi/Desktop/data/DataCollected/IMG1/Image_1716282933379287.jpg,-1.0
/home/pi/Desktop/data/DataCollected/IMG1/Image_1716282933447604.jpg,-1.0
/home/pi/Desktop/data/DataCollected/IMG1/Image_1716282933508424.jpg,-1.0
/home/pi/Desktop/data/DataCollected/IMG1/Image_1716282933569401.jpg,-1.0
/home/pi/Desktop/data/DataCollected/IMG1/Image_1716282933629892.jpg,-1.0
/home/pi/Desktop/data/DataCollected/IMG1/Image_171628293369418.jpg,-1.0
/home/pi/Desktop/data/DataCollected/IMG1/Image_1716282933758465.jpg,-1.0
/home/pi/Desktop/data/DataCollected/IMG1/Image_171628293382002.jpg,-1.0
/home/pi/Desktop/data/DataCollected/IMG1/Image_1716282933882088.jpg,0.0
/home/pi/Desktop/data/DataCollected/IMG1/Image_171628293394674.jpg,0.0
/home/pi/Desktop/data/DataCollected/IMG1/Image_1716282934011209.jpg,0.0
/home/pi/Desktop/data/DataCollected/IMG1/Image_1716282934071581.jpg,0.0
/home/pi/Desktop/data/DataCollected/IMG1/Image_1716282934134787.jpg,0.0
/home/pi/Desktop/data/DataCollected/IMG1/Image_1716282934197167.jpg,0.54
/home/pi/Desktop/data/DataCollected/IMG1/Image_1716282934260232.jpg,0.72
/home/pi/Desktop/data/DataCollected/IMG1/Image_1716282934323845.jpg,0.73
/home/pi/Desktop/data/DataCollected/IMG1/Image_1716282934387384.jpg,0.76
/home/pi/Desktop/data/DataCollected/IMG1/Image_1716282934448377.jpg,1.0
/home/pi/Desktop/data/DataCollected/IMG1/Image_1716282934512235.jpg,1.0
/home/pi/Desktop/data/DataCollected/IMG1/Image_1716282934575027.jpg,0.0
/home/pi/Desktop/data/DataCollected/IMG1/Image_1716282934639094.jpg,0.0
/home/pi/Desktop/data/DataCollected/IMG1/Image_1716282934700752.jpg,0.0
/home/pi/Desktop/data/DataCollected/IMG1/Image_1716282934765232.jpg,0.0
/home/pi/Desktop/data/DataCollected/IMG1/Image_1716282934827763.jpg,0.0
/home/pi/Desktop/data/DataCollected/IMG1/Image_1716282934889991.jpg,0.0
/home/pi/Desktop/data/DataCollected/IMG1/Image_1716282934953114.jpg,0.0
/home/pi/Desktop/data/DataCollected/IMG1/Image_1716282935017693.jpg,0.0
/home/pi/Desktop/data/DataCollected/IMG1/Image_1716282935079151.jpg,0.0
/home/pi/Desktop/data/DataCollected/IMG1/Image_1716282935142846.jpg,0.0
/home/pi/Desktop/data/DataCollected/IMG1/Image_1716282935206357.jpg,0.0
/home/pi/Desktop/data/DataCollected/IMG1/Image_171628293527065.jpg,0.0
/home/pi/Desktop/data/DataCollected/IMG1/Image_1716282935332407.jpg,0.0
/home/pi/Desktop/data/DataCollected/IMG1/Image_1716282935395072.jpg,0.0
/home/pi/Desktop/data/DataCollected/IMG1/Image_1716282935458103.jpg,0.0
/home/pi/Desktop/data/DataCollected/IMG1/Image_1716282935520037.jpg,0.0
/home/pi/Desktop/data/DataCollected/IMG1/Image_1716282935583564.jpg,0.0
/home/pi/Desktop/data/DataCollected/IMG1/Image_1716282935647383.jpg,0.0
/home/pi/Desktop/data/DataCollected/IMG1/Image_1716282935710221.jpg,0.0
/home/pi/Desktop/data/DataCollected/IMG1/Image_1716282935772923.jpg,0.0
/home/pi/Desktop/data/DataCollected/IMG1/Image_1716282935837806.jpg,0.0
/home/pi/Desktop/data/DataCollected/IMG1/Image_1716282935899099.jpg,0.0
/home/pi/Desktop/data/DataCollected/IMG1/Image_1716282935959791.jpg,0.0
/home/pi/Desktop/data/DataCollected/IMG1/Image_1716282936023278.jpg,0.0
/home/pi/Desktop/data/DataCollected/IMG1/Image_1716282936087685.jpg,0.0
/home/pi/Desktop/data/DataCollected/IMG1/Image_1716282936149788.jpg,0.0
/home/pi/Desktop/data/DataCollected/IMG1/Image_171628293621322.jpg,0.0
/home/pi/Desktop/data/DataCollected/IMG1/Image_1716282936275524.jpg,0.0
/home/pi/Desktop/data/DataCollected/IMG1/Image_1716282936338241.jpg,0.0
/home/pi/Desktop/data/DataCollected/IMG1/Image_1716282936400949.jpg,0.0
/home/pi/Desktop/data/DataCollected/IMG1/Image_1716282936464414.jpg,0.0
/home/pi/Desktop/data/DataCollected/IMG1/Image_1716282936527965.jpg,0.0
/home/pi/Desktop/data/DataCollected/IMG1/Image_1716282936590451.jpg,0.0
/home/pi/Desktop/data/DataCollected/IMG1/Image_1716282936653912.jpg,0.0
/home/pi/Desktop/data/DataCollected/IMG1/Image_17162829367173.jpg,0.0
